{
    "contracts": {
        "tokens": {
            "DAI": {
                "address": "0x6B175474E89094C44Da98b954EedeAC495271d0F",
                "decimals": 18
            },
            "DFD": {
                "address": "0x20c36f062a31865bed8a5b1e512d9a1a20aa333a",
                "decimals": 18
            },
            "USDC": {
                "address": "0xA0b86991c6218b36c1d19D4a2e9Eb0cE3606eB48",
                "decimals": 6
            },
            "USDT": {
                "address": "0xdAC17F958D2ee523a2206206994597C13D831ec7",
                "decimals": 6
            },
            "sUSD": {
                "address": "0x57Ab1ec28D129707052df4dF418D58a2D46d5f51",
                "decimals": 18
            },
            "crvPlain3andSUSD": {
                "address": "0xC25a3A3b969415c80451098fa907EC722572917F",
                "decimals": 18,
                "name": "Curve.fi DAI/USDC/USDT/sUSD",
                "peak": "curveYPool"
            },
            "DUSD": {
                "address": "0x5BC25f649fc4e26069dDF4cF4010F9f706c23831",
                "decimals": 18
            },
            "TUSD": {
                "address": "0x0000000000085d4780B73119b644AE5ecd22b376",
                "decimals": 18
            },
            "yCRV": {
                "address": "0xdF5e0e81Dff6FAF3A7e52BA697820c5e32D806A8",
                "decimals": 18
            },
            "yUSD": {
                "address": "0x5dbcF33D8c2E976c6b560249878e6F1491Bca25c",
                "decimals": 18
            },
            "ibDUSD": {
                "address": "0x42600c4f6d84Aa4D246a3957994da411FA8A4E1c",
                "decimals": 18
            },
            "ibDFD": {
                "address": "0xde157688a36AC94b6E5f52e99c196f79Ac71CEA3",
                "decimals": 18
            }
        },
        "curve": {
            "snx": "0xC011a73ee8576Fb46F5E1c5751cA3B9Fe0af2a6F",
            "crv": "0xD533a949740bb3306d119CC777fa900bA034cd52",
            "minter": "0xd061d61a4d941c39e5453435b6345dc261c2fce0",
            "susd": {
                "swap": "0xA5407eAE9Ba41422680e2e00537571bcC53efBfD",
                "deposit": "0xFCBa3E75865d2d561BE8D220616520c171F12851",
                "gauge": "0xA90996896660DEcC6E997655E065b23788857849"
            },
            "ypool": {
                "swap": "0x45F783CCE6B7FF23B2ab2D70e416cdb7D6055f51",
                "deposit": "0xbBC81d23Ea2c3ec7e56D39296F0cbB648873a5d3"
            }
        },
        "chainlink": {
            "ethUsdAggregator": "0x5f4eC3Df9cbd43714FE2740f5E3616155c5b8419",
            "daiEthAggregator": "0x773616E4d11A78F511299002da57A0a94577F1f4",
            "usdcEthAggregator": "0x986b5E1e1755e3C2440e960477f25201B0a8bbD4",
            "usdtEthAggregator": "0xEe9F2375b4bdF6387aa8265dD4FB8F16512A1d46",
            "susdEthAggregator": "0x8e0b7e6062272B5eF4524250bFFF8e5Bd3497757"
        },
        "peaks": {
            "curveSUSDPool": {
                "address": "0x80db6e1a3f6dc0D048026f3BeDb39807843366e4",
                "coins": [
                    "DAI",
                    "USDC",
                    "USDT",
                    "sUSD"
                ],
                "native": [
                    "crvPlain3andSUSD"
                ]
            },
            "yVaultPeak": {
                "coins": [
                    "DAI",
                    "USDC",
                    "USDT",
                    "TUSD"
                ],
                "native": [
                    "yCRV",
                    "yUSD"
                ],
                "address": "0xA89BD606d5DadDa60242E8DEDeebC95c41aD8986",
                "zap": "0xed373A23F7e69c2d7dBD0eE4e744a10Ce4D2602D",
                "controller": "0x88fF54ED47402A97F6e603737f26Bb9e4E6cb03d"
            }
        },
        "oracle": "0x4EaC4c4e9050464067D673102F8E24b2FccEB350",
        "base": "0xE449Ca7d10b041255E7e989D158Bee355d8f88d3",
        "valley": "0xb47638956e3D95f591D0a38F6F47EA6cAFee78B6",
        "Comptroller": "0xf79b548ff56E661ee19a59303178E444E9e81FCc",
        "DFDComptroller": "0xF5F850daDdc393CE325D8ac395519224F498460F"
    }
}
